genero,procedencia,nivel_educativo_padres,come_en_centro,curso_preparacion,nota_matematicas,nota_lectura,nota_escritura
mujer,publico,universitarios,no,no,6.96,5.64,6.08
hombre,publico,secundarios,si,si,7.98,5.19,5.98
mujer,publico,universitarios,si,no,8.15,7.45,8.2
mujer,publico,bachillerato,no,si,7.22,7.21,6.7
hombre,concertado,primarios,si,no,5.94,5.32,6.65
mujer,publico,universitarios,no,si,9.81,8.5,7.85
mujer,privado,secundarios,si,no,71.6,5.99,4.84
mujer,publico,primarios,si,si,8.2,7.05,6.71
hombre,,secundarios,si,si,10.0,8.87,8.62
hombre,publico,bachillerato,,no,7.77,6.52,5.57
hombre,concertado,primarios,si,si,8.8,9.26,9.0
mujer,publico,secundarios,no,si,,7.3,8.04
mujer,publico,primarios,no,no,5.59,3.54,3.46
mujer,privado,secundarios,si,si,7.15,4.58,5.28
hombre,publico,secundarios,si,no,6.78,5.81,4.73
hombre,publico,bachillerato,no,no,6.14,5.45,6.67
mujer,concertado,secundarios,no,si,7.11,6.47,6.55
hombre,concertado,primarios,si,no,7.73,6.99,6.0
mujer,publico,bachillerato,si,si,10.0,8.64,10.0
mujer,publico,secundarios,si,no,7.97,6.14,6.71
mujer,privado,bachillerato,si,si,7.45,5.91,8.36
hombre,concertado,primarios,no,si,3.91,2.93,3.31
mujer,privado,primarios,si,si,6.88,7.86,7.5
mujer,publico,secundarios,si,no,7.13,5.93,7.2
mujer,concertado,secundarios,si,no,7.17,7.0,6.31
hombre,publico,secundarios,si,no,10.0,8.97,9.04
hombre,privado,universitarios,,no,9.09,9.59,9.58
hombre,publico,secundarios,no,no,8.21,6.86,7.98
hombre,concertado,bachillerato,,no,51.5,5.38,4.37
mujer,publico,bachillerato,si,no,7.33,6.07,5.24
mujer,,primarios,no,no,7.41,7.49,4.08
mujer,concertado,bachillerato,si,si,7.97,6.88,6.85
hombre,publico,secundarios,si,no,,6.74,6.97
hombre,privado,secundarios,si,no,7.54,7.41,6.82
hombre,publico,primarios,no,si,5.66,6.66,3.98
hombre,concertado,universitarios,no,si,10.0,8.65,9.03
hombre,publico,universitarios,si,si,9.17,7.56,7.82
hombre,publico,primarios,si,no,4.25,3.24,2.94
hombre,publico,bachillerato,si,si,8.42,7.23,7.61
mujer,publico,universitarios,si,no,8.74,7.39,8.03
hombre,publico,secundarios,si,no,8.45,6.95,9.45
mujer,concertado,universitarios,no,no,6.72,7.68,6.68
mujer,concertado,bachillerato,no,si,10.0,7.85,9.62
hombre,concertado,universitarios,si,no,9.78,7.34,6.9
mujer,publico,universitarios,no,no,4.98,5.96,4.05
mujer,publico,primarios,no,si,4.4,4.66,44.3
hombre,,secundarios,si,si,9.01,8.2,7.77
hombre,,bachillerato,si,si,9.72,8.45,9.4
mujer,,primarios,no,si,7.91,7.12,6.74
hombre,publico,secundarios,si,no,9.86,8.11,7.28
hombre,,universitarios,no,no,9.11,8.93,100.0
hombre,publico,primarios,si,no,8.2,6.04,6.65
mujer,publico,secundarios,si,no,5.35,5.6,3.89
mujer,publico,universitarios,no,no,10.0,9.88,10.0
mujer,publico,secundarios,si,no,7.99,7.34,6.69
mujer,,secundarios,si,no,5.11,6.83,6.58
hombre,privado,universitarios,si,si,6.38,6.69,6.48
mujer,publico,secundarios,si,no,6.8,6.28,6.41
hombre,publico,primarios,si,si,5.63,3.91,4.53
hombre,concertado,primarios,si,no,7.62,6.91,7.46
mujer,privado,universitarios,si,no,6.4,5.71,6.31
hombre,concertado,secundarios,si,no,6.07,6.37,6.89
mujer,publico,bachillerato,si,si,6.58,5.4,7.19
mujer,concertado,primarios,no,no,6.27,5.21,6.13
mujer,publico,secundarios,si,si,4.92,6.32,6.21
mujer,privado,universitarios,si,no,8.02,7.05,6.86
mujer,publico,bachillerato,si,si,9.96,10.0,9.42
hombre,concertado,universitarios,si,no,10.0,10.0,9.7
hombre,publico,secundarios,no,no,6.91,7.46,6.96
hombre,publico,bachillerato,si,si,9.1,8.53,7.27
hombre,privado,universitarios,si,si,10.0,9.8,10.0
hombre,concertado,secundarios,no,no,6.7,9.29,7.1
mujer,publico,secundarios,no,no,6.24,6.45,6.31
hombre,privado,universitarios,no,si,6.62,8.55,7.87
hombre,privado,secundarios,no,si,4.77,4.96,4.69
hombre,publico,bachillerato,no,no,8.94,8.34,8.21
hombre,publico,universitarios,si,no,10.0,10.0,9.13
mujer,publico,secundarios,si,no,6.68,6.28,6.42
mujer,concertado,secundarios,si,si,4.96,4.45,4.25
mujer,publico,primarios,si,no,6.7,6.41,7.39
mujer,publico,secundarios,si,si,,5.71,5.71
hombre,privado,secundarios,si,si,6.12,4.56,4.67
mujer,privado,bachillerato,si,no,6.96,8.95,6.66
hombre,concertado,secundarios,no,si,8.9,7.43,9.02
hombre,privado,bachillerato,no,no,6.02,6.39,5.3
hombre,concertado,secundarios,si,no,7.16,6.45,6.42
mujer,concertado,secundarios,si,no,7.84,6.8,5.93
hombre,concertado,secundarios,si,no,5.63,6.8,5.66
hombre,publico,bachillerato,si,si,6.68,5.07,6.37
mujer,publico,secundarios,no,si,7.39,8.38,6.13
hombre,publico,secundarios,no,si,9.38,8.47,8.82
mujer,concertado,universitarios,no,no,7.44,7.08,6.99
hombre,publico,bachillerato,no,no,5.4,5.68,5.0
hombre,publico,secundarios,no,si,9.14,7.87,8.5
hombre,publico,universitarios,si,si,4.66,3.69,4.35
mujer,publico,secundarios,si,si,8.24,7.54,7.64
hombre,publico,primarios,si,no,5.87,3.76,4.98
hombre,concertado,secundarios,si,no,6.75,7.01,7.83
hombre,privado,primarios,si,no,6.65,7.22,6.41
mujer,publico,secundarios,si,no,8.5,9.47,8.63
mujer,publico,bachillerato,no,si,6.15,5.42,6.87
mujer,publico,primarios,si,no,7.15,8.01,6.13
hombre,concertado,universitarios,no,no,8.74,7.1,76.39999999999999
mujer,concertado,universitarios,no,si,5.49,5.12,5.44
mujer,publico,bachillerato,si,no,10.0,8.8,9.05
mujer,concertado,bachillerato,si,si,4.11,4.68,5.69
hombre,,bachillerato,si,no,8.63,7.71,7.53
hombre,publico,universitarios,si,no,8.47,7.01,7.73
hombre,privado,secundarios,si,no,66.8,7.33,6.77
mujer,,secundarios,no,no,6.38,5.19,5.6
hombre,publico,bachillerato,si,si,9.29,7.99,8.58
hombre,publico,bachillerato,si,no,3.77,40.9,4.56
hombre,concertado,secundarios,,no,7.15,6.54,5.85
mujer,privado,bachillerato,si,no,,5.76,7.81
hombre,privado,primarios,si,no,4.96,5.01,4.0
mujer,publico,universitarios,si,si,8.77,9.13,8.23
mujer,publico,secundarios,si,no,7.79,8.77,7.66
mujer,concertado,primarios,si,no,6.04,5.27,6.91
hombre,publico,primarios,si,si,9.9,7.24,7.05
mujer,privado,secundarios,si,no,6.82,6.53,6.77
mujer,concertado,secundarios,si,no,4.49,5.39,5.23
mujer,publico,primarios,si,no,6.57,4.59,5.85
hombre,,secundarios,si,no,6.31,5.33,6.82
hombre,publico,secundarios,si,si,7.56,5.65,7.01
hombre,publico,secundarios,si,no,8.27,6.9,6.73
mujer,publico,secundarios,si,si,,7.02,7.69
hombre,publico,secundarios,si,no,5.2,4.51,2.71
hombre,concertado,secundarios,si,no,3.62,2.8,3.99
hombre,concertado,primarios,si,no,6.04,5.53,6.08
mujer,privado,primarios,no,no,4.65,4.54,4.65
hombre,privado,secundarios,si,no,7.34,6.73,5.67
mujer,publico,universitarios,no,no,7.82,7.35,8.65
mujer,publico,universitarios,si,no,6.59,4.87,4.11
hombre,concertado,universitarios,si,no,6.02,4.8,5.19
mujer,privado,bachillerato,,no,9.34,9.04,8.45
hombre,publico,bachillerato,no,si,8.12,8.23,7.53
mujer,publico,secundarios,no,no,5.69,5.31,6.58
mujer,publico,universitarios,si,no,7.32,6.83,6.21
mujer,,universitarios,no,no,5.98,6.78,7.24
hombre,concertado,universitarios,si,no,6.56,4.85,6.51
mujer,publico,universitarios,si,si,10.0,9.39,8.78
mujer,concertado,secundarios,,no,5.57,5.32,6.28
mujer,concertado,universitarios,no,si,8.64,10.0,8.61
mujer,concertado,universitarios,si,si,7.7,6.98,7.92
hombre,publico,secundarios,no,no,5.86,5.37,4.49
hombre,publico,universitarios,si,si,7.23,7.39,6.71
hombre,concertado,primarios,no,si,3.41,3.91,3.29
mujer,concertado,universitarios,no,no,7.28,7.92,7.68
hombre,publico,universitarios,no,no,7.09,7.08,7.59
hombre,privado,primarios,si,no,8.04,7.05,7.39
mujer,publico,bachillerato,si,si,4.03,51.3,4.86
mujer,privado,primarios,si,no,8.19,7.62,8.11
hombre,publico,universitarios,si,no,10.0,9.61,8.64
mujer,publico,universitarios,si,no,10.0,9.13,9.46
hombre,publico,bachillerato,si,no,7.79,6.44,6.86
mujer,publico,universitarios,si,si,10.0,9.2,10.0
hombre,publico,primarios,si,no,4.15,2.94,2.65
mujer,publico,secundarios,si,si,8.86,8.66,8.18
mujer,publico,secundarios,,no,6.22,4.67,4.27
mujer,,primarios,si,si,4.16,5.09,4.52
hombre,publico,secundarios,no,no,5.84,3.81,5.86
mujer,concertado,secundarios,no,si,8.9,7.3,6.88
hombre,concertado,secundarios,si,no,5.52,5.97,5.25
hombre,publico,secundarios,no,si,7.42,6.26,8.29
mujer,publico,universitarios,si,no,4.35,5.9,3.04
hombre,privado,secundarios,si,si,4.75,3.71,3.64
mujer,concertado,universitarios,si,si,,10.0,10.0
mujer,publico,secundarios,si,no,9.17,8.16,5.73
hombre,concertado,secundarios,si,no,4.85,5.33,4.14
mujer,publico,bachillerato,si,no,8.18,6.99,7.57
hombre,publico,secundarios,no,no,8.42,8.63,8.63
mujer,concertado,secundarios,si,no,6.92,73.89999999999999,7.29
hombre,publico,bachillerato,no,no,7.34,8.25,7.64
mujer,concertado,secundarios,no,si,8.2,9.21,8.99
hombre,publico,secundarios,si,no,7.5,6.68,5.69
hombre,concertado,bachillerato,si,no,7.18,7.48,66.3
hombre,publico,secundarios,no,no,7.42,5.11,64.5
mujer,publico,universitarios,si,no,7.22,8.62,6.35
mujer,publico,secundarios,si,no,5.88,5.41,6.7
mujer,publico,universitarios,si,no,7.95,8.36,8.37
mujer,concertado,universitarios,no,no,8.22,7.27,8.22
mujer,publico,universitarios,si,si,6.86,7.17,6.14
mujer,publico,universitarios,si,no,8.59,7.92,7.74
hombre,publico,primarios,si,no,5.44,4.97,5.43
mujer,publico,bachillerato,si,no,7.62,6.3,6.85
mujer,concertado,secundarios,si,no,7.51,7.06,6.19
hombre,publico,universitarios,no,si,9.38,8.84,8.09
hombre,privado,bachillerato,no,si,48.7,5.08,4.72
mujer,,secundarios,si,si,9.84,7.02,7.78
hombre,concertado,universitarios,si,no,5.78,6.12,66.3
mujer,publico,primarios,si,si,8.76,8.92,9.6
hombre,publico,bachillerato,si,no,6.12,6.24,7.22
hombre,privado,bachillerato,si,no,5.99,7.4,7.22
mujer,privado,primarios,si,no,,8.61,79.0
hombre,privado,bachillerato,si,si,7.59,7.22,7.32
hombre,publico,universitarios,si,no,9.91,9.89,10.0
mujer,publico,primarios,si,si,5.84,5.26,6.25
mujer,concertado,bachillerato,si,no,9.26,7.84,7.38
hombre,publico,secundarios,si,si,,7.07,8.29
hombre,concertado,bachillerato,no,si,10.0,82.30000000000001,9.3
mujer,publico,primarios,no,si,5.36,6.01,7.51
mujer,publico,universitarios,no,no,5.76,6.58,5.21
mujer,concertado,universitarios,no,si,5.7,7.77,6.35
hombre,concertado,secundarios,si,no,7.2,6.45,7.41
hombre,publico,secundarios,no,no,5.9,6.68,5.23
hombre,publico,bachillerato,si,no,7.91,8.47,7.73
hombre,concertado,bachillerato,si,si,9.0,9.5,9.51
mujer,,secundarios,si,si,7.08,5.25,6.46
hombre,publico,secundarios,si,no,6.6,4.85,5.73
mujer,publico,primarios,si,si,6.71,5.23,4.97
mujer,concertado,universitarios,si,no,10.0,10.0,9.96
mujer,,secundarios,,si,8.01,6.92,8.51
hombre,publico,universitarios,no,no,7.62,6.74,10.0
mujer,publico,secundarios,si,si,,5.77,5.67
mujer,publico,universitarios,si,no,,6.82,7.27
mujer,publico,primarios,no,si,8.49,78.0,6.66
hombre,publico,primarios,si,no,7.13,6.49,5.17
hombre,publico,universitarios,si,si,10.0,87.0,9.46
mujer,,universitarios,si,no,10.0,10.0,10.0
hombre,publico,secundarios,si,no,6.48,4.86,4.97
hombre,publico,secundarios,si,si,6.44,5.93,6.91
mujer,publico,secundarios,no,si,6.26,6.75,6.76
mujer,privado,secundarios,no,si,9.11,8.68,9.5
mujer,concertado,secundarios,si,si,8.77,9.16,7.92
hombre,publico,universitarios,si,si,9.82,8.52,8.73
mujer,privado,secundarios,no,no,6.67,6.32,6.42
hombre,publico,bachillerato,si,no,6.5,5.48,43.7
mujer,publico,primarios,si,si,8.75,8.43,8.63
mujer,,primarios,si,no,7.34,5.67,6.15
hombre,publico,bachillerato,si,si,8.92,7.62,5.51
hombre,,secundarios,si,no,7.61,7.71,6.74
hombre,publico,bachillerato,si,si,7.93,6.63,7.24
mujer,publico,primarios,si,no,6.3,6.34,6.16
mujer,concertado,universitarios,si,no,7.72,8.03,6.85
mujer,publico,bachillerato,,si,9.1,8.92,8.21
mujer,publico,universitarios,si,si,10.0,9.42,10.0
hombre,publico,primarios,no,si,9.29,7.6,7.35
mujer,publico,secundarios,,no,7.49,7.74,7.98
hombre,publico,secundarios,si,no,6.11,5.3,5.32
hombre,publico,bachillerato,si,no,6.2,5.49,4.79
mujer,privado,secundarios,no,no,7.08,6.39,7.91
mujer,publico,primarios,si,no,8.46,6.68,6.43
hombre,publico,secundarios,no,no,5.57,4.38,4.91
mujer,publico,secundarios,,no,7.37,4.76,5.54
mujer,publico,secundarios,si,no,6.89,6.52,5.72
mujer,publico,secundarios,si,si,7.03,6.39,7.39
mujer,concertado,secundarios,si,no,8.01,8.98,7.56
hombre,publico,bachillerato,no,si,9.47,8.05,9.2
hombre,privado,secundarios,,si,9.6,8.7,10.0
hombre,privado,secundarios,si,no,,6.26,7.4
mujer,publico,bachillerato,no,si,8.17,7.35,7.24
mujer,publico,universitarios,,si,73.0,6.61,6.02
hombre,publico,secundarios,si,si,8.14,7.32,7.07
hombre,concertado,bachillerato,si,no,7.84,6.69,5.91
hombre,publico,universitarios,si,no,4.92,4.85,4.48
mujer,privado,bachillerato,no,si,7.31,6.54,7.24
mujer,concertado,universitarios,si,si,7.9,9.27,7.97
hombre,concertado,universitarios,si,no,7.48,7.28,7.09
hombre,publico,primarios,si,no,6.03,6.3,7.17
mujer,privado,secundarios,si,si,6.43,8.63,6.65
hombre,publico,bachillerato,si,no,9.32,7.8,8.56
mujer,publico,universitarios,,no,,5.96,7.33
hombre,,secundarios,si,si,3.94,3.49,3.64
hombre,privado,primarios,si,no,6.85,4.64,5.61
mujer,publico,bachillerato,si,no,9.19,9.05,9.1
hombre,concertado,primarios,si,no,4.54,33.3,2.58
hombre,publico,universitarios,si,no,7.85,7.06,7.28
hombre,privado,bachillerato,no,no,8.82,10.0,9.15
hombre,publico,bachillerato,no,no,5.78,6.06,5.49
hombre,publico,universitarios,si,no,6.56,7.88,7.51
hombre,privado,bachillerato,no,no,5.74,5.15,5.29
hombre,publico,bachillerato,,no,9.59,8.93,9.52
hombre,publico,universitarios,si,no,7.31,7.5,6.95
mujer,publico,universitarios,no,no,7.04,8.12,6.75
mujer,publico,universitarios,no,si,10.0,10.0,10.0
hombre,publico,primarios,no,si,9.63,9.05,8.04
hombre,publico,bachillerato,si,no,7.75,6.08,4.77
mujer,publico,secundarios,si,no,5.07,5.58,5.29
mujer,privado,universitarios,si,si,8.69,8.92,7.52
mujer,publico,bachillerato,si,no,5.94,5.96,5.89
hombre,publico,secundarios,,si,5.52,3.15,3.89
hombre,publico,secundarios,si,si,8.12,7.06,6.72
hombre,publico,secundarios,si,no,4.53,4.33,5.29
hombre,concertado,bachillerato,si,si,10.0,9.73,9.22
mujer,privado,secundarios,si,no,6.53,6.9,7.16
hombre,privado,primarios,,si,6.77,5.46,6.97
hombre,,universitarios,si,no,7.33,6.69,6.91
hombre,publico,universitarios,si,si,6.43,5.63,5.14
mujer,publico,secundarios,si,no,3.68,4.87,3.96
hombre,publico,secundarios,si,no,8.68,6.97,6.97
mujer,publico,universitarios,si,si,10.0,10.0,10.0
hombre,concertado,bachillerato,no,si,98.2,8.59,8.21
mujer,publico,bachillerato,si,si,6.97,7.41,6.96
hombre,publico,secundarios,si,no,6.33,5.51,5.52
mujer,publico,secundarios,si,no,4.92,4.62,4.89
mujer,publico,primarios,no,no,10.0,10.0,9.43
mujer,publico,bachillerato,no,no,7.29,7.49,5.65
mujer,publico,primarios,si,no,9.44,9.48,8.7
mujer,concertado,primarios,si,no,8.51,8.02,7.98
mujer,publico,bachillerato,si,no,3.16,4.62,4.05
mujer,,universitarios,no,no,6.04,6.25,7.49
hombre,publico,universitarios,,no,7.02,6.06,6.36
mujer,concertado,secundarios,si,no,7.27,6.52,5.15
mujer,publico,secundarios,no,si,6.35,6.8,7.4
mujer,concertado,secundarios,no,si,10.0,10.0,10.0
hombre,privado,secundarios,si,si,6.49,5.73,5.5
hombre,publico,bachillerato,si,no,,7.57,6.29
mujer,concertado,secundarios,si,si,8.69,7.69,9.36
hombre,publico,bachillerato,si,no,7.64,7.29,60.5
hombre,privado,universitarios,si,no,,6.73,7.83
hombre,publico,universitarios,no,no,6.07,5.23,5.77
hombre,privado,primarios,no,no,6.04,5.79,6.58
hombre,publico,secundarios,si,si,9.37,7.22,9.16
hombre,publico,secundarios,si,no,6.76,7.6,7.28
hombre,publico,secundarios,si,si,8.7,7.38,7.66
hombre,concertado,secundarios,si,no,8.6,8.03,9.29
hombre,publico,secundarios,no,no,8.31,8.68,7.36
mujer,publico,universitarios,si,no,8.7,6.91,7.42
hombre,concertado,secundarios,si,no,5.43,4.51,3.74
mujer,privado,universitarios,si,si,6.78,6.39,6.38
mujer,publico,primarios,si,no,6.57,6.25,5.71
mujer,publico,primarios,si,no,8.22,6.97,6.64
hombre,publico,secundarios,no,no,5.7,6.2,4.49
mujer,,primarios,no,si,5.7,5.77,5.74
mujer,publico,secundarios,si,si,6.08,5.47,4.84
mujer,privado,universitarios,no,no,4.68,4.36,5.62
mujer,publico,secundarios,si,si,6.51,6.28,6.6
mujer,publico,secundarios,no,no,5.78,5.1,3.41
mujer,publico,bachillerato,si,no,5.56,5.83,5.35
hombre,publico,secundarios,si,no,7.33,5.32,5.17
mujer,concertado,bachillerato,no,si,5.36,5.62,6.48
hombre,publico,secundarios,si,no,7.33,6.76,6.97
mujer,publico,universitarios,si,si,10.0,8.32,9.0
mujer,privado,primarios,si,no,6.07,5.3,5.59
hombre,privado,secundarios,si,no,6.09,5.45,5.04
mujer,privado,bachillerato,si,si,,7.74,7.5
hombre,,universitarios,si,si,7.53,5.89,7.21
mujer,publico,secundarios,no,si,6.62,4.93,5.26
hombre,privado,bachillerato,si,no,8.33,8.33,7.82
mujer,publico,primarios,si,no,8.76,7.27,7.91
hombre,publico,secundarios,si,si,8.42,7.49,8.47
mujer,concertado,primarios,no,si,9.43,8.64,7.31
mujer,,bachillerato,si,no,4.41,3.79,3.4
mujer,publico,secundarios,si,si,10.0,9.63,8.6
mujer,privado,bachillerato,si,no,8.12,7.26,8.63
mujer,concertado,primarios,,no,7.93,6.97,8.15
mujer,publico,universitarios,no,no,8.17,7.86,7.49
hombre,publico,universitarios,si,no,8.05,6.39,7.68
mujer,publico,primarios,no,no,6.81,5.96,4.64
hombre,publico,primarios,si,no,6.89,5.89,6.08
mujer,concertado,primarios,si,si,6.64,6.98,6.41
hombre,concertado,universitarios,si,si,9.71,9.06,9.62
mujer,publico,secundarios,si,no,5.43,4.76,3.95
mujer,publico,bachillerato,si,si,7.52,6.0,6.96
hombre,privado,secundarios,si,no,10.0,8.99,9.52
mujer,publico,universitarios,si,no,6.95,6.53,6.15
mujer,publico,secundarios,si,no,6.68,6.86,5.83
mujer,,bachillerato,si,si,6.96,7.44,5.98
mujer,concertado,universitarios,si,no,7.18,7.73,7.87
mujer,publico,secundarios,si,no,5.37,6.58,5.58
mujer,concertado,universitarios,si,si,7.75,7.52,7.86
hombre,publico,primarios,si,no,8.87,8.04,6.45
hombre,concertado,secundarios,si,no,5.73,4.69,4.65
hombre,publico,universitarios,si,no,,8.68,8.66
mujer,publico,bachillerato,si,no,9.69,6.39,9.06
hombre,publico,bachillerato,,si,10.0,8.4,9.29
mujer,publico,secundarios,si,no,8.29,6.94,6.32
mujer,publico,secundarios,si,no,,10.0,10.0
hombre,publico,secundarios,si,si,9.24,9.08,7.99
mujer,publico,bachillerato,si,no,9.36,7.92,8.2
mujer,publico,secundarios,no,si,6.65,5.54,6.02
hombre,privado,secundarios,si,si,7.07,6.38,6.59
hombre,publico,secundarios,no,no,96.4,8.21,8.42
hombre,,secundarios,si,si,10.0,9.09,9.4
hombre,privado,secundarios,si,no,8.42,8.55,9.54
hombre,publico,primarios,si,si,,8.05,7.84
mujer,concertado,universitarios,si,no,6.37,5.1,5.43
hombre,privado,bachillerato,no,si,7.52,9.5,8.73
hombre,concertado,primarios,si,no,,3.63,3.62
mujer,publico,bachillerato,no,si,5.19,6.34,5.5
mujer,publico,universitarios,,no,7.67,6.83,7.75
mujer,publico,secundarios,,si,8.19,8.04,6.9
mujer,publico,secundarios,no,si,9.49,9.38,8.73
hombre,privado,primarios,si,no,6.72,7.54,6.71
hombre,privado,primarios,si,no,6.54,6.5,6.89
mujer,publico,universitarios,si,no,6.56,61.1,5.75
mujer,concertado,universitarios,si,si,7.44,8.14,8.02
mujer,publico,primarios,no,si,5.44,4.16,5.48
hombre,privado,bachillerato,si,no,4.79,4.23,2.97
mujer,publico,primarios,si,no,7.86,84.1,6.87
mujer,privado,bachillerato,si,si,6.53,6.8,6.94
hombre,concertado,universitarios,si,no,9.17,8.91,8.85
mujer,publico,secundarios,no,no,7.24,8.53,8.38
mujer,publico,primarios,si,no,6.25,4.05,7.0
hombre,concertado,bachillerato,no,si,10.0,8.81,8.92
hombre,publico,universitarios,no,no,6.72,5.5,7.0
mujer,publico,secundarios,si,si,5.15,4.02,4.22
hombre,privado,secundarios,si,no,7.31,8.1,58.9
hombre,publico,primarios,si,si,8.05,59.2,5.87
hombre,publico,bachillerato,si,no,7.62,5.62,6.64
hombre,publico,bachillerato,si,no,9.05,10.0,10.0
mujer,publico,universitarios,no,no,5.91,4.25,5.19
mujer,privado,universitarios,si,si,10.0,8.26,8.42
hombre,publico,universitarios,no,si,7.54,7.38,6.25
mujer,,universitarios,no,no,,8.59,8.44
mujer,publico,secundarios,no,no,7.64,5.75,7.35
hombre,privado,bachillerato,si,no,6.67,7.75,7.96
mujer,publico,secundarios,si,si,7.45,5.51,5.08
hombre,privado,secundarios,si,no,4.78,6.33,5.79
mujer,concertado,universitarios,si,si,9.84,8.97,8.94
mujer,concertado,bachillerato,si,si,10.0,10.0,10.0
mujer,privado,universitarios,si,si,8.54,9.96,8.59
hombre,concertado,secundarios,,no,6.49,4.46,6.15
mujer,privado,bachillerato,si,si,8.38,7.97,7.82
hombre,publico,secundarios,si,si,10.0,10.0,10.0
hombre,,primarios,si,no,5.75,5.55,6.58
hombre,publico,secundarios,si,no,8.08,8.78,7.98
mujer,publico,bachillerato,no,si,6.21,6.33,6.44
hombre,privado,primarios,si,si,7.02,6.57,6.55
mujer,privado,universitarios,no,no,8.82,8.16,7.77
mujer,concertado,primarios,no,si,7.2,7.45,7.09
hombre,publico,secundarios,si,si,7.95,6.17,6.83
hombre,publico,universitarios,si,no,6.28,5.57,5.57
hombre,publico,primarios,si,si,8.92,78.89999999999999,8.68
mujer,publico,universitarios,si,no,9.03,8.9,9.21
mujer,publico,bachillerato,si,si,10.0,9.84,8.89
hombre,publico,primarios,si,si,10.0,9.2,9.87
mujer,publico,bachillerato,no,si,7.17,8.03,6.81
hombre,concertado,bachillerato,no,si,7.09,5.86,7.57
mujer,publico,universitarios,no,si,10.0,9.52,9.67
mujer,privado,universitarios,si,si,8.26,8.87,9.08
mujer,concertado,bachillerato,si,no,6.12,47.300000000000004,4.42
mujer,publico,bachillerato,no,no,6.7,6.39,5.34
mujer,publico,secundarios,si,si,8.79,7.95,8.59
hombre,publico,bachillerato,si,no,7.72,6.66,5.97
hombre,privado,universitarios,si,no,8.59,6.82,6.74
hombre,publico,bachillerato,si,no,10.0,8.4,8.73
mujer,,bachillerato,si,si,9.5,7.89,9.07
mujer,privado,secundarios,,si,9.02,9.08,7.49
mujer,privado,universitarios,si,si,4.66,4.45,6.51
mujer,publico,universitarios,si,si,9.86,8.19,8.75
hombre,publico,secundarios,si,si,8.08,6.45,8.73
mujer,publico,secundarios,si,no,4.73,3.32,4.01
hombre,publico,bachillerato,,no,,6.84,45.199999999999996
hombre,publico,secundarios,no,si,6.19,6.52,6.41
mujer,publico,bachillerato,si,no,,7.76,6.44
mujer,,primarios,si,si,10.0,10.0,9.62
mujer,publico,secundarios,no,no,9.95,9.9,9.28
hombre,concertado,bachillerato,si,no,5.67,5.26,5.75
mujer,publico,bachillerato,no,si,9.7,7.66,7.85
hombre,concertado,bachillerato,si,no,8.21,8.44,8.24
mujer,concertado,bachillerato,si,no,8.79,7.43,6.55
mujer,privado,bachillerato,si,no,7.71,9.14,8.97
hombre,privado,universitarios,,no,7.68,7.4,9.22
hombre,publico,bachillerato,no,no,8.68,10.0,10.0
hombre,,bachillerato,no,si,8.72,9.14,10.0
mujer,publico,bachillerato,no,si,5.32,6.95,5.95
hombre,publico,primarios,,no,8.06,8.38,8.01
mujer,privado,secundarios,si,si,7.78,7.82,8.47
mujer,publico,bachillerato,no,no,8.75,6.93,6.18
mujer,concertado,universitarios,si,no,9.32,8.17,9.95
hombre,publico,bachillerato,no,no,7.51,6.22,7.87
mujer,,primarios,si,si,7.31,7.57,7.08
hombre,publico,bachillerato,si,no,8.22,6.84,6.12
mujer,concertado,secundarios,no,si,3.81,4.21,3.76
mujer,concertado,bachillerato,no,si,6.99,7.87,6.2
mujer,publico,universitarios,si,si,8.63,5.7,7.66
mujer,publico,bachillerato,si,no,6.07,5.92,3.9
hombre,concertado,bachillerato,si,no,9.19,8.71,9.15
mujer,publico,secundarios,,si,,83.3,7.37
hombre,privado,secundarios,si,no,65.6,6.79,5.36
hombre,publico,universitarios,si,si,8.22,8.11,7.32
hombre,publico,bachillerato,si,no,7.47,7.17,7.01
hombre,publico,bachillerato,si,si,10.0,7.6,96.7
hombre,publico,secundarios,si,no,,5.2,4.27
hombre,publico,primarios,si,no,7.88,6.13,5.46
hombre,publico,primarios,no,no,77.69999999999999,6.58,5.63
mujer,privado,secundarios,no,si,4.86,4.4,2.77
mujer,publico,secundarios,no,no,7.43,6.06,7.57
hombre,publico,universitarios,si,no,8.16,5.62,8.01
hombre,publico,bachillerato,si,no,6.81,7.07,6.66
hombre,publico,secundarios,no,no,7.0,5.25,5.07
mujer,publico,primarios,no,no,8.1,5.92,6.0
hombre,publico,secundarios,si,si,10.0,9.76,10.0
hombre,concertado,universitarios,si,no,7.14,7.58,6.35
hombre,publico,secundarios,no,si,7.87,7.61,7.8
hombre,privado,universitarios,,no,10.0,10.0,100.0
hombre,publico,universitarios,no,si,8.97,6.87,6.78
mujer,privado,primarios,si,si,90.19999999999999,9.85,9.15
mujer,publico,bachillerato,si,no,6.95,7.75,7.01
mujer,publico,universitarios,si,no,10.0,10.0,9.19
mujer,concertado,secundarios,si,no,8.36,8.01,7.84
mujer,concertado,primarios,no,no,8.14,6.89,6.13
hombre,concertado,universitarios,si,si,7.99,6.94,7.99
mujer,publico,universitarios,si,si,7.95,6.45,8.03
mujer,concertado,bachillerato,no,si,7.45,7.57,7.6
hombre,privado,bachillerato,no,no,,7.64,8.79
mujer,concertado,secundarios,no,no,5.34,5.64,5.13
hombre,publico,universitarios,si,no,8.0,5.41,6.4
mujer,concertado,secundarios,,no,6.45,5.08,6.04
mujer,concertado,primarios,si,si,8.65,8.11,9.64
mujer,privado,bachillerato,si,no,8.56,8.59,7.27
mujer,publico,universitarios,si,no,6.37,5.64,6.13
mujer,publico,universitarios,si,no,7.51,6.25,7.22
mujer,concertado,secundarios,no,si,7.15,7.47,7.22
mujer,publico,primarios,si,si,10.0,9.85,8.94
hombre,concertado,universitarios,si,no,10.0,8.81,9.15
mujer,publico,universitarios,no,si,,6.61,6.25
mujer,publico,bachillerato,si,no,6.15,6.55,7.5
hombre,concertado,bachillerato,si,si,6.23,5.22,6.52
hombre,publico,secundarios,no,no,6.89,5.94,6.93
mujer,,secundarios,no,no,9.36,7.94,8.55
hombre,concertado,primarios,no,no,3.09,3.79,3.35
hombre,concertado,primarios,no,si,4.84,3.85,4.21
hombre,privado,secundarios,no,si,5.95,6.22,5.15
hombre,publico,universitarios,no,si,10.0,7.49,8.77
hombre,publico,primarios,si,no,7.55,6.94,6.66
mujer,privado,secundarios,si,si,,8.26,7.39
hombre,publico,bachillerato,si,no,8.48,9.2,8.91
mujer,publico,secundarios,no,si,4.44,4.02,3.75
mujer,publico,secundarios,si,si,10.0,8.99,9.52
hombre,publico,bachillerato,no,no,7.69,6.46,6.0
hombre,privado,secundarios,si,no,,8.58,8.31
mujer,concertado,bachillerato,si,no,5.23,3.78,4.54
hombre,,universitarios,si,no,6.64,6.57,7.65
hombre,publico,secundarios,si,no,7.43,8.72,6.88
mujer,publico,universitarios,si,no,10.0,8.74,9.45
mujer,publico,universitarios,si,no,5.32,3.5,4.9
mujer,publico,universitarios,no,si,8.47,7.64,6.88
hombre,publico,bachillerato,si,no,5.18,3.23,5.88
mujer,publico,bachillerato,si,no,7.9,7.73,7.5
mujer,publico,bachillerato,si,si,10.0,9.33,9.32
hombre,publico,bachillerato,,no,9.58,8.09,9.21
mujer,concertado,primarios,si,no,4.9,4.87,4.66
hombre,publico,universitarios,no,no,8.97,9.24,7.95
hombre,publico,bachillerato,no,si,9.12,8.42,10.0
mujer,concertado,universitarios,si,no,4.43,3.81,4.52
hombre,concertado,secundarios,si,no,8.67,7.16,7.97
hombre,concertado,primarios,si,si,8.54,7.71,8.11
mujer,publico,bachillerato,si,si,,7.01,7.93
mujer,concertado,bachillerato,no,si,5.92,4.9,6.08
mujer,publico,secundarios,si,si,9.39,8.76,8.82
mujer,publico,secundarios,no,no,5.65,4.5,4.34
mujer,publico,secundarios,si,no,5.06,6.52,6.3
hombre,publico,bachillerato,si,si,8.48,7.68,8.37
hombre,publico,secundarios,si,si,9.04,8.42,8.24
hombre,publico,universitarios,si,no,8.1,5.25,6.63
hombre,concertado,secundarios,,si,7.05,6.52,6.21
mujer,publico,secundarios,si,no,6.55,6.32,6.64
hombre,publico,secundarios,no,si,10.0,8.59,9.92
hombre,publico,bachillerato,no,si,10.0,10.0,10.0
hombre,publico,secundarios,si,no,4.31,3.64,41.900000000000006
hombre,publico,bachillerato,si,si,9.01,9.02,8.22
mujer,publico,universitarios,si,no,6.23,6.58,5.08
hombre,publico,secundarios,si,si,10.0,9.26,8.61
hombre,concertado,bachillerato,no,no,58.3,4.71,5.61
hombre,privado,primarios,si,no,5.33,3.46,5.58
mujer,publico,secundarios,no,no,6.75,6.27,6.04
mujer,concertado,secundarios,si,si,8.25,7.16,6.31
mujer,privado,primarios,si,no,7.23,5.96,7.17
hombre,privado,bachillerato,no,no,8.52,8.35,7.46
hombre,concertado,bachillerato,si,si,8.42,6.99,6.9
mujer,privado,bachillerato,no,si,,5.31,6.54
mujer,privado,bachillerato,si,no,8.96,8.26,8.92
mujer,concertado,bachillerato,no,si,7.66,6.74,7.71
mujer,publico,secundarios,no,no,8.77,8.07,8.64
mujer,publico,primarios,no,no,6.74,5.7,5.48
hombre,publico,primarios,si,si,6.33,4.54,5.37
hombre,publico,bachillerato,no,no,7.34,7.62,7.26
mujer,publico,universitarios,si,no,9.63,9.94,8.21
hombre,publico,primarios,no,si,8.67,7.05,8.45
mujer,publico,bachillerato,si,no,7.86,4.86,7.25
mujer,publico,universitarios,si,si,7.72,5.92,6.34
mujer,concertado,universitarios,si,si,10.0,10.0,9.92
mujer,publico,bachillerato,si,no,6.29,4.17,5.61
mujer,publico,bachillerato,si,si,7.3,6.28,6.32
mujer,concertado,bachillerato,no,no,7.39,7.89,7.89
mujer,,universitarios,si,si,5.71,6.24,5.74
mujer,privado,primarios,no,no,,7.51,7.52
hombre,privado,universitarios,si,si,8.87,8.49,8.16
mujer,privado,primarios,no,no,7.98,7.31,7.62
mujer,publico,universitarios,no,no,9.54,8.28,7.66
hombre,publico,primarios,si,no,7.24,5.65,5.86
hombre,publico,secundarios,no,no,5.21,5.54,3.86
mujer,concertado,primarios,no,no,6.52,5.23,5.61
mujer,privado,secundarios,,no,4.99,5.02,5.44
hombre,publico,secundarios,si,no,7.06,7.44,7.55
hombre,publico,secundarios,si,no,8.88,7.33,7.06
hombre,publico,secundarios,no,no,9.32,9.2,7.8
hombre,publico,secundarios,si,no,9.57,7.06,6.97
mujer,publico,universitarios,no,si,10.0,9.94,9.78
hombre,publico,universitarios,si,no,8.05,6.89,7.04
hombre,privado,bachillerato,no,no,62.599999999999994,6.35,5.72
mujer,publico,primarios,si,si,8.43,7.07,7.72
hombre,concertado,secundarios,si,si,6.32,6.18,7.67
hombre,concertado,universitarios,no,no,6.59,84.60000000000001,7.75
mujer,publico,primarios,no,no,4.4,4.85,3.27
mujer,publico,secundarios,no,si,6.44,5.16,6.02
mujer,concertado,universitarios,no,si,7.68,9.08,10.0
mujer,publico,universitarios,si,si,9.75,7.67,8.43
hombre,privado,secundarios,si,no,4.95,4.52,4.94
mujer,publico,bachillerato,si,no,8.46,8.48,7.65
mujer,concertado,secundarios,si,no,5.54,5.51,5.67
mujer,concertado,universitarios,si,no,7.39,7.31,7.36
mujer,publico,primarios,no,no,9.93,6.01,8.92
mujer,publico,primarios,si,si,9.27,7.74,80.7
mujer,privado,bachillerato,si,no,7.8,8.23,8.89
hombre,publico,secundarios,si,si,10.0,10.0,9.98
mujer,publico,bachillerato,si,si,7.32,7.22,6.3
hombre,publico,secundarios,si,no,5.18,4.77,4.45
mujer,publico,universitarios,si,no,6.38,6.0,4.84
mujer,concertado,universitarios,,si,8.73,6.69,7.81
mujer,concertado,secundarios,si,no,2.97,2.73,4.31
mujer,publico,universitarios,no,no,6.72,6.01,7.21
hombre,concertado,secundarios,si,si,6.75,5.09,6.86
mujer,publico,secundarios,si,si,9.26,7.62,8.09
mujer,publico,secundarios,si,si,7.15,8.78,7.56
hombre,publico,universitarios,si,no,7.07,6.11,6.99
hombre,privado,universitarios,,no,8.89,8.24,9.49
hombre,publico,universitarios,no,no,9.2,7.93,9.33
mujer,publico,universitarios,si,si,9.21,5.59,7.41
mujer,publico,universitarios,si,no,8.14,7.12,6.49
mujer,concertado,secundarios,si,no,4.48,1.54,3.21
hombre,publico,universitarios,no,no,8.12,5.18,5.04
mujer,publico,bachillerato,si,si,7.82,6.45,5.47
hombre,concertado,secundarios,si,no,7.03,6.67,5.72
mujer,publico,bachillerato,no,no,6.66,4.87,5.42
hombre,publico,secundarios,si,si,6.84,5.14,6.23
mujer,publico,secundarios,,si,6.24,4.8,4.33
mujer,publico,secundarios,si,si,7.8,6.93,7.43
mujer,publico,primarios,si,si,8.52,6.9,7.22
mujer,privado,secundarios,no,no,,7.68,6.18
hombre,concertado,universitarios,si,si,7.94,7.17,7.76
hombre,concertado,bachillerato,si,si,5.98,5.5,5.06
hombre,privado,bachillerato,si,no,5.97,5.98,5.44
hombre,publico,secundarios,si,si,6.04,7.26,7.24
mujer,publico,secundarios,no,si,6.18,6.5,5.26
mujer,privado,secundarios,si,no,5.91,7.07,5.12
mujer,publico,universitarios,no,si,10.0,10.0,10.0
mujer,concertado,secundarios,si,si,9.11,8.72,8.49
mujer,concertado,bachillerato,si,si,6.67,5.07,6.4
mujer,publico,universitarios,si,si,10.0,7.17,8.64
hombre,publico,bachillerato,no,no,8.89,8.02,7.12
hombre,publico,universitarios,si,si,8.34,7.09,6.79
mujer,publico,secundarios,si,si,9.7,8.81,8.16
mujer,publico,universitarios,no,no,7.71,6.59,8.05
hombre,publico,bachillerato,si,no,6.25,5.73,4.46
mujer,concertado,universitarios,si,si,9.73,8.36,8.65
mujer,privado,bachillerato,si,si,83.9,8.22,9.66
hombre,,universitarios,no,no,7.95,7.27,6.72
hombre,publico,universitarios,si,no,6.3,8.35,7.53
mujer,publico,secundarios,si,no,5.92,5.1,5.77
mujer,publico,universitarios,si,si,9.5,8.46,9.43
hombre,publico,bachillerato,si,si,9.14,6.49,7.74
mujer,privado,secundarios,si,no,7.95,7.74,6.79
hombre,publico,universitarios,si,no,7.52,8.03,7.81
mujer,publico,secundarios,si,no,6.46,4.99,4.26
hombre,concertado,bachillerato,si,si,5.84,8.44,6.49
mujer,publico,primarios,no,no,2.49,2.91,4.11
hombre,publico,secundarios,si,si,8.68,7.14,8.89
hombre,publico,universitarios,si,no,5.96,5.24,5.59
mujer,concertado,secundarios,no,no,5.71,5.92,7.2
hombre,concertado,secundarios,no,no,7.61,6.68,6.35
hombre,publico,secundarios,si,si,9.38,7.82,7.92
hombre,privado,secundarios,si,no,5.53,4.18,5.26
mujer,privado,universitarios,si,no,7.0,6.13,8.14
mujer,concertado,universitarios,si,no,10.0,10.0,9.17
mujer,publico,primarios,si,si,10.0,9.58,9.03
hombre,publico,bachillerato,si,no,10.0,8.12,9.81
hombre,privado,secundarios,si,si,5.92,8.24,7.77
hombre,publico,bachillerato,si,si,62.199999999999996,6.42,7.37
mujer,concertado,secundarios,si,si,8.68,8.47,8.42
mujer,,secundarios,si,si,6.6,7.44,7.14
mujer,publico,secundarios,si,si,8.66,8.13,7.83
mujer,,bachillerato,no,no,5.96,6.32,6.51
hombre,privado,bachillerato,no,si,6.88,7.87,8.29
mujer,concertado,secundarios,si,si,,7.56,6.72
mujer,,universitarios,si,si,9.61,8.22,8.12
hombre,privado,bachillerato,si,si,8.38,9.41,8.98
hombre,publico,secundarios,,no,6.01,5.2,5.44
hombre,concertado,universitarios,no,no,5.27,5.46,4.84
hombre,concertado,universitarios,si,si,10.0,10.0,10.0
hombre,concertado,secundarios,si,no,9.32,9.71,10.0
hombre,publico,bachillerato,si,no,8.59,6.91,7.16
mujer,publico,secundarios,si,no,4.9,4.17,4.56
hombre,publico,bachillerato,si,si,8.12,6.1,5.59
hombre,publico,secundarios,si,si,9.18,6.94,7.34
mujer,publico,bachillerato,no,no,10.0,8.36,8.9
mujer,publico,secundarios,si,no,4.67,4.77,4.6
mujer,publico,bachillerato,si,no,7.15,7.5,5.94
hombre,concertado,universitarios,si,no,7.02,7.88,6.99
mujer,privado,secundarios,si,si,8.2,6.68,7.75
hombre,,universitarios,si,no,8.36,7.13,7.0
hombre,concertado,universitarios,si,no,6.3,4.46,3.48
mujer,concertado,universitarios,no,si,8.33,9.25,8.22
mujer,publico,secundarios,si,no,8.57,8.08,6.78
mujer,publico,universitarios,si,no,7.82,6.94,7.37
mujer,concertado,primarios,si,no,7.42,6.54,5.35
mujer,privado,secundarios,si,no,4.66,5.67,5.71
hombre,concertado,universitarios,si,no,5.21,68.7,7.08
hombre,privado,bachillerato,no,no,8.68,8.33,9.51
hombre,privado,bachillerato,,no,6.22,8.14,6.12
hombre,publico,secundarios,si,si,,8.59,8.14
mujer,concertado,universitarios,si,si,,10.0,9.56
hombre,publico,bachillerato,si,si,7.11,4.77,5.18
mujer,privado,secundarios,si,si,6.47,7.15,6.29
mujer,publico,universitarios,si,si,8.78,7.92,9.1
mujer,publico,secundarios,si,no,6.94,6.05,5.97
hombre,privado,secundarios,si,si,8.77,7.69,7.87
hombre,publico,bachillerato,no,si,7.47,6.49,7.81
mujer,concertado,universitarios,no,no,5.94,7.09,4.14
mujer,publico,secundarios,no,si,8.17,6.63,6.77
mujer,privado,secundarios,no,no,7.86,7.46,6.08
mujer,privado,primarios,no,no,7.95,74.80000000000001,7.46
mujer,publico,universitarios,no,no,9.24,7.5,7.65
hombre,concertado,secundarios,no,si,7.66,7.86,7.79
mujer,,bachillerato,no,si,8.31,7.17,7.96
hombre,concertado,universitarios,no,no,,6.91,6.93
mujer,concertado,primarios,,no,5.03,4.17,5.3
mujer,concertado,bachillerato,,si,7.73,7.76,8.14
mujer,publico,bachillerato,si,no,7.99,6.95,6.1
hombre,publico,universitarios,si,no,10.0,9.91,10.0
hombre,concertado,secundarios,no,si,9.2,8.18,9.79
mujer,publico,secundarios,si,no,8.6,79.5,6.96
hombre,publico,secundarios,no,si,8.52,7.76,7.73
hombre,publico,bachillerato,no,si,8.57,7.09,8.28
hombre,publico,universitarios,no,no,4.97,5.83,4.54
hombre,privado,primarios,si,si,6.57,6.36,7.74
hombre,publico,secundarios,no,no,7.11,5.74,5.61
mujer,publico,universitarios,,no,8.58,8.84,7.3
hombre,privado,primarios,no,si,7.06,7.49,6.84
hombre,publico,secundarios,no,no,6.63,7.73,9.31
hombre,concertado,bachillerato,si,si,6.2,6.28,6.21
hombre,publico,secundarios,si,si,6.93,7.0,5.82
hombre,,secundarios,si,no,8.82,8.21,8.32
mujer,concertado,secundarios,no,no,,6.47,7.62
hombre,privado,secundarios,si,no,6.42,5.34,5.58
hombre,publico,bachillerato,no,si,8.1,8.37,7.35
hombre,publico,bachillerato,no,si,8.02,8.03,4.98
hombre,concertado,bachillerato,si,no,8.02,6.67,6.89
hombre,publico,primarios,,si,7.9,8.47,7.52
hombre,publico,universitarios,si,si,10.0,10.0,10.0
mujer,publico,secundarios,no,no,6.52,6.5,7.6
hombre,privado,universitarios,si,si,10.0,8.88,8.86
mujer,concertado,secundarios,si,si,5.35,4.9,5.24
mujer,concertado,universitarios,no,si,6.98,6.69,6.5
hombre,concertado,secundarios,si,no,8.56,8.25,8.78
hombre,publico,secundarios,no,no,7.96,7.22,6.6
mujer,publico,secundarios,si,no,0.44,0.0,0.0
mujer,publico,primarios,si,si,8.24,7.68,7.68
hombre,concertado,secundarios,si,si,10.0,9.87,10.0
hombre,publico,bachillerato,si,no,4.84,4.53,3.93
hombre,privado,universitarios,si,si,10.0,8.99,10.0
hombre,concertado,primarios,no,no,1.72,1.58,1.32
mujer,publico,universitarios,si,no,8.47,8.27,9.34
hombre,publico,universitarios,si,no,8.04,7.86,6.73
hombre,publico,universitarios,si,no,43.5,3.64,3.83
mujer,privado,bachillerato,si,no,7.44,8.73,7.62
hombre,privado,bachillerato,no,si,9.47,9.79,9.79
hombre,privado,bachillerato,si,no,8.07,7.06,7.52
mujer,publico,bachillerato,no,no,8.77,7.85,7.16
hombre,publico,universitarios,si,no,7.77,6.33,7.2
hombre,publico,primarios,si,no,3.84,3.81,4.42
hombre,publico,secundarios,si,no,7.84,6.51,7.03
mujer,publico,primarios,,no,8.69,8.05,7.34
hombre,publico,universitarios,no,si,9.88,10.0,10.0
hombre,privado,secundarios,si,no,3.63,4.28,3.19
hombre,publico,bachillerato,si,no,4.78,2.99,4.44
hombre,publico,universitarios,si,si,7.6,7.69,7.12
mujer,concertado,universitarios,si,no,4.53,4.71,4.49
hombre,publico,secundarios,no,no,5.9,5.15,6.28
mujer,concertado,universitarios,no,si,9.36,6.49,8.52
mujer,concertado,universitarios,,si,5.92,4.78,6.88
mujer,privado,primarios,no,no,6.58,7.15,7.19
hombre,concertado,universitarios,no,si,83.4,8.86,8.04
mujer,publico,secundarios,si,si,7.47,6.82,5.54
mujer,concertado,bachillerato,no,no,7.7,6.16,6.64
hombre,publico,bachillerato,si,si,5.19,3.9,3.88
mujer,publico,secundarios,no,si,7.15,6.41,5.61
mujer,publico,primarios,no,no,7.36,6.03,6.46
hombre,publico,primarios,si,si,6.59,7.21,7.53
mujer,concertado,primarios,no,no,8.15,6.02,6.31
hombre,publico,bachillerato,no,no,9.48,7.8,7.37
mujer,publico,secundarios,si,no,4.91,5.57,6.14
mujer,publico,secundarios,si,no,7.56,6.22,7.25
hombre,concertado,bachillerato,no,no,8.0,7.92,8.73
mujer,publico,bachillerato,no,si,7.87,8.21,5.63
hombre,concertado,bachillerato,si,no,7.38,7.18,7.11
mujer,privado,universitarios,si,si,8.49,7.23,8.08
mujer,publico,secundarios,si,no,6.15,6.08,5.14
hombre,concertado,universitarios,si,no,7.75,9.48,8.01
hombre,publico,primarios,si,si,,6.11,6.49
hombre,publico,bachillerato,si,si,,9.04,8.24
hombre,concertado,universitarios,si,no,6.81,7.97,8.3
hombre,privado,universitarios,si,si,6.59,7.12,8.33
hombre,publico,bachillerato,si,si,9.3,7.13,7.02
hombre,publico,bachillerato,si,si,7.19,5.94,6.7
hombre,publico,secundarios,no,no,4.44,3.79,1.94
mujer,publico,bachillerato,si,no,7.9,6.94,7.15
mujer,concertado,universitarios,si,no,8.33,7.27,6.6
mujer,concertado,universitarios,si,no,10.0,7.95,8.63
hombre,concertado,secundarios,si,si,7.21,6.2,6.51
mujer,publico,primarios,si,si,9.38,10.0,10.0
mujer,concertado,bachillerato,si,no,,6.15,7.21
hombre,concertado,primarios,si,no,4.81,3.38,4.67
hombre,concertado,secundarios,si,no,5.12,4.39,6.51
mujer,publico,secundarios,si,no,3.39,2.74,3.96
hombre,publico,bachillerato,si,no,10.0,9.27,8.18
mujer,publico,secundarios,no,no,8.3,8.81,8.06
mujer,publico,secundarios,no,no,8.95,7.48,7.04
hombre,publico,primarios,si,no,6.73,4.1,5.07
hombre,publico,universitarios,si,no,10.0,10.0,9.25
mujer,concertado,bachillerato,si,no,6.98,5.94,6.06
mujer,publico,primarios,si,no,5.53,4.8,5.48
hombre,concertado,primarios,si,no,8.99,8.68,7.84
mujer,publico,bachillerato,si,si,9.04,9.16,9.16
mujer,concertado,secundarios,si,si,10.0,10.0,10.0
mujer,publico,bachillerato,si,no,7.77,6.75,7.99
mujer,publico,secundarios,si,no,6.28,6.63,5.57
hombre,concertado,universitarios,no,no,6.25,5.94,7.12
hombre,privado,secundarios,no,no,4.29,4.09,2.67
mujer,publico,bachillerato,si,si,7.43,6.82,6.21
hombre,publico,primarios,si,no,9.73,7.56,6.87
mujer,concertado,universitarios,si,no,7.57,6.4,8.1
mujer,concertado,universitarios,no,no,8.56,7.02,8.07
hombre,publico,bachillerato,si,no,5.4,5.37,4.89
mujer,publico,secundarios,si,si,8.34,7.25,7.21
hombre,publico,secundarios,si,no,8.38,9.15,7.77
mujer,privado,universitarios,no,no,7.61,7.03,8.25
hombre,publico,bachillerato,si,no,8.41,6.66,6.72
mujer,publico,secundarios,si,no,7.05,4.57,4.83
mujer,privado,secundarios,,si,9.53,8.11,7.56
hombre,publico,secundarios,si,no,2.22,2.42,1.3
mujer,publico,universitarios,si,no,8.7,8.81,8.6
mujer,publico,bachillerato,si,si,10.0,10.0,10.0
mujer,publico,bachillerato,si,no,4.64,4.03,4.02
mujer,publico,bachillerato,si,si,7.24,6.43,8.1
mujer,publico,secundarios,si,si,7.68,8.1,6.78
hombre,concertado,secundarios,no,si,6.88,7.29,7.5
mujer,concertado,primarios,si,si,7.42,8.28,93.4
hombre,publico,universitarios,si,no,8.68,6.93,7.95
mujer,publico,secundarios,si,no,8.49,5.71,5.58
mujer,publico,secundarios,si,si,9.98,8.52,10.0
hombre,privado,secundarios,si,no,6.22,6.81,6.7
hombre,publico,secundarios,no,si,10.0,10.0,10.0
mujer,concertado,bachillerato,si,si,8.55,76.0,8.5
hombre,publico,secundarios,no,si,6.47,8.63,7.98
mujer,concertado,primarios,no,no,4.41,3.28,4.35
hombre,publico,universitarios,si,si,7.84,8.23,6.72
mujer,concertado,secundarios,si,no,9.8,8.58,8.34
hombre,publico,secundarios,si,si,4.79,4.44,4.37
hombre,privado,secundarios,si,no,4.01,2.96,3.63
mujer,publico,universitarios,si,no,7.98,7.16,7.23
mujer,concertado,secundarios,si,si,9.42,8.59,9.45
hombre,concertado,universitarios,si,si,7.5,7.38,7.96
hombre,privado,universitarios,si,no,7.31,7.75,6.52
mujer,publico,bachillerato,no,no,5.09,3.33,3.4
mujer,publico,secundarios,si,no,9.13,7.83,7.63
hombre,publico,bachillerato,no,si,9.9,8.29,9.63
mujer,publico,secundarios,si,si,4.91,4.51,4.14
mujer,publico,secundarios,si,no,8.2,8.5,8.49
mujer,privado,bachillerato,si,no,7.19,7.53,8.25
mujer,privado,secundarios,si,si,10.0,9.3,8.9
mujer,,primarios,si,no,7.13,5.44,5.81
hombre,concertado,secundarios,no,no,8.62,7.69,6.47
mujer,privado,primarios,si,si,8.15,5.85,7.03
mujer,privado,secundarios,si,si,8.93,8.34,7.01
mujer,,bachillerato,si,si,5.46,5.47,5.86
hombre,publico,universitarios,si,no,6.21,5.38,5.21
hombre,concertado,primarios,si,no,5.29,3.99,4.88
mujer,publico,bachillerato,si,no,7.15,5.79,5.07
hombre,publico,secundarios,si,si,9.07,7.3,6.51
mujer,privado,primarios,si,no,6.59,6.62,6.49
hombre,privado,secundarios,si,no,7.72,6.65,9.46
mujer,privado,primarios,no,no,8.14,7.71,7.23
mujer,concertado,secundarios,si,no,5.45,5.31,5.7
hombre,publico,secundarios,si,si,8.7,7.36,7.22
hombre,publico,secundarios,no,no,5.41,5.5,5.17
mujer,publico,bachillerato,si,si,7.27,7.47,8.17
mujer,publico,primarios,si,si,9.3,6.9,7.04
hombre,publico,secundarios,no,si,3.77,0.73,1.6
mujer,concertado,primarios,no,no,,9.71,10.0
mujer,publico,bachillerato,no,no,7.98,6.98,7.68
hombre,concertado,secundarios,si,si,6.5,59.0,7.07
hombre,publico,bachillerato,no,no,10.0,10.0,9.21
hombre,publico,secundarios,si,no,6.43,6.87,6.86
hombre,publico,primarios,no,si,7.16,6.97,7.19
hombre,publico,universitarios,no,no,83.80000000000001,6.86,6.77
hombre,privado,primarios,no,si,9.24,8.27,9.37
mujer,publico,primarios,si,no,7.88,6.01,5.49
hombre,publico,primarios,si,si,6.85,6.98,7.02
mujer,concertado,universitarios,si,si,10.0,10.0,9.5
hombre,publico,bachillerato,si,no,9.93,7.3,8.35
hombre,publico,bachillerato,si,si,8.34,7.35,7.38
mujer,publico,universitarios,no,no,9.28,9.61,7.82
mujer,publico,primarios,si,no,9.79,9.74,8.63
hombre,,universitarios,si,si,9.63,7.7,7.27
hombre,publico,secundarios,si,no,6.84,8.36,7.01
hombre,publico,bachillerato,si,no,7.79,6.3,6.25
mujer,publico,secundarios,,no,8.3,8.32,8.58
hombre,,secundarios,si,no,7.39,5.74,5.6
hombre,publico,universitarios,no,si,,7.77,7.54
hombre,concertado,primarios,no,si,4.67,4.36,4.8
mujer,,universitarios,si,no,5.42,5.29,5.54
mujer,concertado,secundarios,si,no,7.1,5.46,3.73
mujer,publico,bachillerato,si,no,7.26,5.93,6.49
mujer,publico,universitarios,no,no,9.68,10.0,10.0
hombre,publico,primarios,no,si,6.97,7.45,8.75
hombre,concertado,universitarios,si,no,5.78,6.25,7.01
hombre,privado,bachillerato,no,si,5.49,6.27,5.55
mujer,publico,bachillerato,si,si,10.0,9.41,9.42
mujer,publico,primarios,si,no,,7.37,6.59
mujer,privado,bachillerato,no,si,7.38,6.56,8.71
mujer,publico,bachillerato,si,no,7.19,6.02,68.5
mujer,publico,secundarios,si,si,9.18,8.6,9.13
mujer,publico,secundarios,si,no,5.76,5.73,5.03
hombre,concertado,secundarios,si,no,8.73,6.15,7.95
hombre,concertado,universitarios,si,no,10.0,10.0,10.0
hombre,publico,primarios,,no,7.38,5.68,7.12
mujer,privado,bachillerato,si,no,4.74,6.65,5.96
hombre,publico,universitarios,si,si,10.0,8.01,8.37
mujer,publico,primarios,no,si,6.36,6.49,6.63
mujer,publico,secundarios,si,si,6.64,5.79,5.68
mujer,publico,bachillerato,no,no,8.37,7.75,7.72
hombre,publico,primarios,si,no,,6.71,7.43
hombre,publico,bachillerato,si,si,8.4,6.18,7.93
hombre,publico,bachillerato,si,si,7.52,7.64,8.2
mujer,concertado,bachillerato,no,no,6.32,4.48,4.83
mujer,publico,secundarios,si,no,6.44,6.45,5.99
mujer,publico,bachillerato,no,si,7.9,6.84,7.0
hombre,concertado,bachillerato,si,no,5.41,5.55,5.62
hombre,concertado,secundarios,si,no,9.88,9.57,8.87
hombre,concertado,bachillerato,si,no,7.58,6.85,8.82
mujer,concertado,universitarios,si,si,9.29,8.18,9.15
mujer,concertado,bachillerato,si,no,7.77,8.63,8.5
hombre,publico,secundarios,si,si,9.33,7.92,9.59
mujer,publico,secundarios,si,si,7.41,4.66,6.27
hombre,concertado,primarios,si,no,6.43,6.86,6.35
mujer,publico,secundarios,si,no,6.76,5.27,5.12
hombre,publico,primarios,si,si,8.35,7.78,73.4
hombre,publico,universitarios,si,no,8.08,8.69,6.67
mujer,publico,secundarios,,si,7.34,6.64,7.15
hombre,publico,universitarios,si,no,,5.9,5.5
hombre,publico,secundarios,si,no,9.06,6.73,6.43
hombre,concertado,secundarios,si,no,7.23,7.2,6.02
hombre,privado,secundarios,no,no,3.76,2.82,4.1
mujer,publico,secundarios,si,no,87.8,7.16,6.37
mujer,privado,universitarios,si,no,7.46,9.12,8.79
mujer,publico,universitarios,no,no,9.8,10.0,10.0
hombre,privado,universitarios,si,no,65.3,7.42,5.37
mujer,,secundarios,si,si,5.63,6.09,6.87
hombre,publico,universitarios,no,no,5.97,6.98,4.36
hombre,concertado,primarios,no,si,7.46,8.6,7.03
hombre,,universitarios,no,no,8.15,7.7,6.69
mujer,privado,bachillerato,si,si,5.79,6.77,7.38
mujer,privado,secundarios,,si,7.42,7.77,6.13
mujer,publico,secundarios,no,no,4.04,2.6,2.28
mujer,publico,primarios,no,si,90.3,7.27,8.28
mujer,concertado,secundarios,si,si,6.08,6.92,5.75
mujer,concertado,universitarios,si,no,,7.34,6.09
mujer,concertado,universitarios,si,si,6.19,5.7,6.23
hombre,publico,universitarios,si,si,9.17,7.13,5.73
hombre,publico,primarios,si,no,5.83,3.91,4.86
hombre,publico,bachillerato,si,si,8.9,7.45,7.18
mujer,concertado,secundarios,si,si,8.28,7.39,8.48
mujer,publico,bachillerato,si,si,10.0,10.0,10.0
mujer,concertado,secundarios,si,si,9.14,9.0,9.07
hombre,concertado,secundarios,si,si,8.83,9.05,8.54
mujer,publico,bachillerato,si,si,8.71,10.0,8.07
hombre,publico,secundarios,si,no,5.91,6.21,75.3
hombre,publico,secundarios,no,no,7.84,6.76,7.37
hombre,privado,bachillerato,si,si,10.0,9.55,9.98
hombre,concertado,primarios,si,si,,9.28,8.73
mujer,publico,universitarios,si,no,8.96,96.6,7.34
hombre,publico,bachillerato,si,no,4.51,3.43,4.25
mujer,publico,universitarios,si,no,6.44,5.67,7.29
hombre,publico,bachillerato,si,no,7.2,5.87,5.4
hombre,privado,bachillerato,si,si,8.26,8.89,7.97
mujer,concertado,bachillerato,si,no,,6.78,7.43
hombre,publico,universitarios,si,no,10.0,8.74,8.6
mujer,privado,bachillerato,si,no,9.31,9.49,7.95
mujer,publico,secundarios,si,si,9.79,8.23,10.0
mujer,privado,primarios,si,si,7.9,7.88,89.3
hombre,publico,bachillerato,si,si,,5.33,5.78
hombre,concertado,primarios,si,si,7.98,7.27,6.72
mujer,privado,secundarios,si,si,6.29,5.43,7.72
hombre,publico,primarios,si,no,4.66,3.49,3.51
hombre,concertado,bachillerato,si,si,7.16,7.05,8.15
hombre,privado,secundarios,no,no,8.49,7.84,9.01
mujer,publico,bachillerato,no,si,7.88,8.9,7.93
mujer,publico,universitarios,no,si,10.0,10.0,10.0
mujer,,universitarios,si,no,7.79,8.21,8.48
mujer,publico,secundarios,si,no,10.0,9.94,10.0
hombre,publico,bachillerato,si,si,8.53,7.85,6.55
mujer,publico,bachillerato,si,no,7.54,6.44,7.22
hombre,concertado,secundarios,,si,4.83,5.28,5.2
mujer,publico,bachillerato,si,si,10.0,9.76,8.54
hombre,publico,secundarios,si,no,5.83,5.36,5.83
mujer,concertado,universitarios,si,si,,7.39,6.08
hombre,publico,primarios,si,no,8.72,7.35,7.6
